brand_name,instagram_username,instagram_profile_url,profile_url,profile_picture_url,followers,niche_score,source_hashtag,scraped_at
______jaju______,______jaju______,https://www.instagram.com/______jaju______/,https://www.instagram.com/______jaju______/,,1702,0.80,brand_profile,2026-08-10T12:01:48.683361+00:00
_didije_,_didije_,https://www.instagram.com/_didije_/,https://www.instagram.com/_didije_/,,1921,0.80,brand_profile,2026-07-04T04:35:35.745665+00:00
_dreamy_haven,_dreamy_haven,https://www.instagram.com/_dreamy_haven/,https://www.instagram.com/_dreamy_haven/,,5041,1.00,brand_profile,2026-07-04T04:35:35.745707+00:00
ajasrabyitikarawat,ajasrabyitikarawat,https://www.instagram.com/ajasrabyitikarawat/,https://www.instagram.com/ajasrabyitikarawat/,,4262,1.00,brand_profile,2026-07-04T04:35:35.745749+00:00
akihi.studios,akihi.studios,https://www.instagram.com/akihi.studios/,https://www.instagram.com/akihi.studios/,,5433,1.00,brand_profile,2026-07-04T04:35:35.745821+00:00
alchemend,alchemend,https://www.instagram.com/alchemend/,https://www.instagram.com/alchemend/,,4331,1.00,brand_profile,2026-07-04T04:35:35.745965+00:00
alice.coleccion,alice.coleccion,https://www.instagram.com/alice.coleccion/,https://www.instagram.com/alice.coleccion/,,22000,1.00,brand_profile,2026-07-04T04:35:35.746082+00:00
alpanikindia,alpanikindia,https://www.instagram.com/alpanikindia/,https://www.instagram.com/alpanikindia/,,546,0.80,brand_profile,2026-07-04T04:35:35.746123+00:00
amytasty,amytasty,https://www.instagram.com/amytasty/,https://www.instagram.com/amytasty/,,44000,1.00,brand_profile,2026-07-04T04:35:35.746158+00:00
anayracraft,anayracraft,https://www.instagram.com/anayracraft/,https://www.instagram.com/anayracraft/,,7154,1.00,brand_profile,2026-07-04T04:35:35.746195+00:00
anglesea.shoppe,anglesea.shoppe,https://www.instagram.com/anglesea.shoppe/,https://www.instagram.com/anglesea.shoppe/,,970,0.80,brand_profile,2026-07-04T04:35:35.746382+00:00
artees.corner,artees.corner,https://www.instagram.com/artees.corner/,https://www.instagram.com/artees.corner/,,6811,1.00,brand_profile,2026-07-04T04:35:35.746464+00:00
artweave_,artweave_,https://www.instagram.com/artweave_/,https://www.instagram.com/artweave_/,,4854,1.00,brand_profile,2026-07-04T04:35:35.746500+00:00
ateliaabaya,ateliaabaya,https://www.instagram.com/ateliaabaya/,https://www.instagram.com/ateliaabaya/,,488,0.80,brand_profile,2026-07-04T04:35:35.746537+00:00
audreyhamiltonapparel,audreyhamiltonapparel,https://www.instagram.com/audreyhamiltonapparel/,https://www.instagram.com/audreyhamiltonapparel/,,27000,1.00,brand_profile,2026-07-04T04:35:35.746586+00:00
beforejuly_,beforejuly_,https://www.instagram.com/beforejuly_/,https://www.instagram.com/beforejuly_/,,24000,1.00,brand_profile,2026-07-04T04:35:35.746621+00:00
bellamar.label,bellamar.label,https://www.instagram.com/bellamar.label/,https://www.instagram.com/bellamar.label/,,1037,0.80,brand_profile,2026-07-04T04:35:35.746668+00:00
bowberry.in,bowberry.in,https://www.instagram.com/bowberry.in/,https://www.instagram.com/bowberry.in/,,20000,1.00,brand_profile,2026-07-04T04:35:35.746715+00:00
by.lualia,by.lualia,https://www.instagram.com/by.lualia/,https://www.instagram.com/by.lualia/,,19000,1.00,brand_profile,2026-07-04T04:35:35.746750+00:00
BYUTIFY,byutify.in,https://www.instagram.com/byutify.in/,https://www.instagram.com/byutify.in/,https://instagram.fbom58-1.fna.fbcdn.net/v/t51.2885-19/342062904_232415622790151_411444939402947898_n.jpg?efg=eyJ2ZW5jb2RlX3RhZyI6InByb2ZpbGVfcGljLmRqYW5nby4xMDgwLmMyIn0&_nc_ht=instagram.fbom58-1.fna.fbcdn.net&_nc_cat=111&_nc_oc=Q6cZ2gFBeT2NDOfmZcBAIKc8-NizNI7GIbT1lCnGP0uyFi0DkbapizoPqHvLnuuxwacDH7I&_nc_ohc=ToGO4j69YFwQ7kNvwGBslqt&_nc_gid=z55sk6TeO322Mf94JkGhHw&edm=AP4sbd4BAAAA&ccb=7-5&oh=00_AQKDsHtfnun7XWbNxXhUzoUMcIZzeea8NOoLKhAV7bk1hw&oe=6AB2BBA0&_nc_sid=7a9f4b,38000,1.00,curated:unspecified:high,2026-09-18T06:22:04.309260+00:00
calmethelabel,calmethelabel,https://www.instagram.com/calmethelabel/,https://www.instagram.com/calmethelabel/,,1007,0.80,brand_profile,2026-07-04T04:35:35.746785+00:00
coloridasdesign,coloridasdesign,https://www.instagram.com/coloridasdesign/,https://www.instagram.com/coloridasdesign/,,4093,1.00,brand_profile,2026-07-04T04:35:35.746821+00:00
crochet.by.ge,crochet.by.ge,https://www.instagram.com/crochet.by.ge/,https://www.instagram.com/crochet.by.ge/,,34000,1.00,brand_profile,2026-07-04T04:35:35.746857+00:00
daddy_chen_liang,daddy_chen_liang,https://www.instagram.com/daddy_chen_liang/,https://www.instagram.com/daddy_chen_liang/,,801,0.80,brand_profile,2026-07-04T04:35:35.746894+00:00
dancingkind,dancingkind,https://www.instagram.com/dancingkind/,https://www.instagram.com/dancingkind/,,19000,1.00,brand_profile,2026-07-04T04:35:35.746939+00:00
deeburman,deeburman,https://www.instagram.com/deeburman/,https://www.instagram.com/deeburman/,,3536,1.00,brand_profile,2026-07-04T04:35:35.747024+00:00
dripmatrix,dripmatrix,https://www.instagram.com/dripmatrix/,https://www.instagram.com/dripmatrix/,,4882,1.00,brand_profile,2026-07-04T04:35:35.747067+00:00
edyandbridge,edyandbridge,https://www.instagram.com/edyandbridge/,https://www.instagram.com/edyandbridge/,,8822,1.00,brand_profile,2026-07-04T04:35:35.747109+00:00
elation_vastra,elation_vastra,https://www.instagram.com/elation_vastra/,https://www.instagram.com/elation_vastra/,,1728,0.80,brand_profile,2026-07-04T04:35:35.747145+00:00
eviejoynesstudio,eviejoynesstudio,https://www.instagram.com/eviejoynesstudio/,https://www.instagram.com/eviejoynesstudio/,,22900,1.00,brand_profile,2026-07-04T04:35:35.747181+00:00
farmkin.in,farmkin.in,https://www.instagram.com/farmkin.in/,https://www.instagram.com/farmkin.in/,,2171,1.00,brand_profile,2026-07-04T04:35:35.747217+00:00
Fashion Capital,fashioncapital.in_,https://www.instagram.com/fashioncapital.in_/,https://www.instagram.com/fashioncapital.in_/,https://instagram.fbom50-1.fna.fbcdn.net/v/t51.82787-19/681515953_18090467255337890_7564367542851586505_n.jpg?efg=eyJ2ZW5jb2RlX3RhZyI6InByb2ZpbGVfcGljLmRqYW5nby41MDAuYzIifQ&_nc_ht=instagram.fbom50-1.fna.fbcdn.net&_nc_cat=102&_nc_oc=Q6cZ2gGx42S-5GExncxsmki6sYVJSWokmZb11bjaW4rXnd5t23-tY5YAlQbqoFfY9LqVdHY&_nc_ohc=Lq_X5YOv_9gQ7kNvwGI1fab&_nc_gid=8qeDPmovcJeBW4khtrtryQ&edm=AP4sbd4BAAAA&ccb=7-5&oh=00_AQI_Wy_5lGh8nXQK0Yu82GO_VQB9qdHYMOJ7sZO2kU91qQ&oe=6AB3F2CE&_nc_sid=7a9f4b,161000,1.00,curated:unspecified:high,2026-09-19T04:33:40.871278+00:00
ffm_greenearth,ffm_greenearth,https://www.instagram.com/ffm_greenearth/,https://www.instagram.com/ffm_greenearth/,,5739,1.00,brand_profile,2026-07-04T04:35:35.747253+00:00
fleetwood_collection,fleetwood_collection,https://www.instagram.com/fleetwood_collection/,https://www.instagram.com/fleetwood_collection/,,37000,1.00,brand_profile,2026-07-04T04:35:35.747289+00:00
frankie.collection,frankie.collection,https://www.instagram.com/frankie.collection/,https://www.instagram.com/frankie.collection/,,27000,1.00,brand_profile,2026-07-04T04:35:35.747325+00:00
freedom_fibers,freedom_fibers,https://www.instagram.com/freedom_fibers/,https://www.instagram.com/freedom_fibers/,,548,0.80,brand_profile,2026-07-04T04:35:35.747361+00:00
gamishcreations,gamishcreations,https://www.instagram.com/gamishcreations/,https://www.instagram.com/gamishcreations/,,8600,1.00,brand_profile,2026-07-04T04:35:35.747396+00:00
garconne_the_label,garconne_the_label,https://www.instagram.com/garconne_the_label/,https://www.instagram.com/garconne_the_label/,,3347,1.00,brand_profile,2026-07-04T04:35:35.747432+00:00
haddavies,haddavies,https://www.instagram.com/haddavies/,https://www.instagram.com/haddavies/,,8162,1.00,brand_profile,2026-07-04T04:35:35.747467+00:00
hand_block_clothes,hand_block_clothes,https://www.instagram.com/hand_block_clothes/,https://www.instagram.com/hand_block_clothes/,,2393,1.00,brand_profile,2026-07-04T04:35:35.747503+00:00
happycabbagelondon,happycabbagelondon,https://www.instagram.com/happycabbagelondon/,https://www.instagram.com/happycabbagelondon/,,6624,1.00,brand_profile,2026-07-04T04:35:35.747539+00:00
hgthelabel_,hgthelabel_,https://www.instagram.com/hgthelabel_/,https://www.instagram.com/hgthelabel_/,,828,0.80,brand_profile,2026-07-04T04:35:35.747574+00:00
hk.wishlist,hk.wishlist,https://www.instagram.com/hk.wishlist/,https://www.instagram.com/hk.wishlist/,,1356,0.80,brand_profile,2026-07-04T04:35:35.747837+00:00
houseofrab,houseofrab,https://www.instagram.com/houseofrab/,https://www.instagram.com/houseofrab/,,1508,0.80,brand_profile,2026-07-04T04:35:35.747873+00:00
immaculatevegan,immaculatevegan,https://www.instagram.com/immaculatevegan/,https://www.instagram.com/immaculatevegan/,,35000,1.00,brand_profile,2026-07-04T04:35:35.747910+00:00
infinitybytea,infinitybytea,https://www.instagram.com/infinitybytea/,https://www.instagram.com/infinitybytea/,,6546,1.00,brand_profile,2026-07-04T04:35:35.747946+00:00
irregularsleeppattern,irregularsleeppattern,https://www.instagram.com/irregularsleeppattern/,https://www.instagram.com/irregularsleeppattern/,,37000,1.00,brand_profile,2026-07-04T04:35:35.747983+00:00
israayaindiaofficial,israayaindiaofficial,https://www.instagram.com/israayaindiaofficial/,https://www.instagram.com/israayaindiaofficial/,,96,0.80,brand_profile,2026-07-04T04:35:35.747995+00:00
itsmadvibes,itsmadvibes,https://www.instagram.com/itsmadvibes/,https://www.instagram.com/itsmadvibes/,,0,0.75,handmadejewelry,2026-07-02T07:40:16.435262+00:00
janalyn.jane,janalyn.jane,https://www.instagram.com/janalyn.jane/,https://www.instagram.com/janalyn.jane/,,878,0.80,brand_profile,2026-07-04T04:35:35.748031+00:00
justmargo.shop,justmargo.shop,https://www.instagram.com/justmargo.shop/,https://www.instagram.com/justmargo.shop/,,32000,1.00,brand_profile,2026-07-04T04:35:35.748067+00:00
kai.by.mangi,kai.by.mangi,https://www.instagram.com/kai.by.mangi/,https://www.instagram.com/kai.by.mangi/,,7956,1.00,brand_profile,2026-07-04T04:35:35.748102+00:00
Kajrakh,kajrakh,https://www.instagram.com/kajrakh/,https://www.instagram.com/kajrakh/,https://instagram.fbom50-1.fna.fbcdn.net/v/t51.2885-19/199827032_1140075953161615_8693467195092997203_n.jpg?_nc_cat=107&_nc_map=urlgen_bucketless&ccb=7-5&_nc_sid=bf7eb4&efg=eyJ2ZW5jb2RlX3RhZyI6InByb2ZpbGVfcGljLnd3dy45MTguQzMifQ%3D%3D&_nc_ohc=B_4HDrm-fhsQ7kNvwF1yMdT&_nc_oc=AdrSNgILGgzWGQkqfKGdoiHagoqH_axRGFqBG5_Uf4kBjUjRRNuS2-grfNOEH_gMDZY&_nc_zt=24&_nc_ht=instagram.fbom50-1.fna&_nc_ss=7b6a8&oh=00_AQKsVP_dClExs0ETH8ekKe1DTZlfhoABrw6suGYZEOGRqw&oe=6AB3F93F,369000,1.00,curated:unspecified:high,2026-09-19T04:27:25.546352+00:00
khwabdaah.official,khwabdaah.official,https://www.instagram.com/khwabdaah.official/,https://www.instagram.com/khwabdaah.official/,,14000,1.00,brand_profile,2026-07-04T04:35:35.748138+00:00
kill.akira,kill.akira,https://www.instagram.com/kill.akira/,https://www.instagram.com/kill.akira/,,9580,1.00,brand_profile,2026-07-04T04:35:35.748173+00:00
kitandhop,kitandhop,https://www.instagram.com/kitandhop/,https://www.instagram.com/kitandhop/,,3645,1.00,brand_profile,2026-07-04T04:35:35.748208+00:00
klane.in,klane.in,https://www.instagram.com/klane.in/,https://www.instagram.com/klane.in/,,16100,1.00,brand_profile,2026-07-04T04:35:35.748243+00:00
kluun,kluun,https://www.instagram.com/kluun/,https://www.instagram.com/kluun/,,35000,1.00,brand_profile,2026-07-04T04:35:35.748278+00:00
knittedspirit.etsy,knittedspirit.etsy,https://www.instagram.com/knittedspirit.etsy/,https://www.instagram.com/knittedspirit.etsy/,,65000,0.60,brand_profile,2026-07-04T04:35:35.748313+00:00
label.vio,label.vio,https://www.instagram.com/label.vio/,https://www.instagram.com/label.vio/,,658,0.80,brand_profile,2026-07-04T04:35:35.748349+00:00
lamania.galicia,lamania.galicia,https://www.instagram.com/lamania.galicia/,https://www.instagram.com/lamania.galicia/,,20200,1.00,brand_profile,2026-07-04T04:35:35.748384+00:00
lebeauthreadco,lebeauthreadco,https://www.instagram.com/lebeauthreadco/,https://www.instagram.com/lebeauthreadco/,,53500,0.60,brand_profile,2026-07-04T04:35:35.748419+00:00
lilobysneha,lilobysneha,https://www.instagram.com/lilobysneha/,https://www.instagram.com/lilobysneha/,,2216,1.00,brand_profile,2026-07-04T04:35:35.748454+00:00
limpet_store,limpet_store,https://www.instagram.com/limpet_store/,https://www.instagram.com/limpet_store/,,68000,0.60,brand_profile,2026-07-04T04:35:35.748489+00:00
littlestore_corner,littlestore_corner,https://www.instagram.com/littlestore_corner/,https://www.instagram.com/littlestore_corner/,,6899,1.00,brand_profile,2026-07-04T04:35:35.748525+00:00
made_by_mortals_,made_by_mortals_,https://www.instagram.com/made_by_mortals_/,https://www.instagram.com/made_by_mortals_/,,1159,0.80,brand_profile,2026-07-04T04:35:35.748561+00:00
modaandaluz,modaandaluz,https://www.instagram.com/modaandaluz/,https://www.instagram.com/modaandaluz/,,6271,1.00,brand_profile,2026-07-04T04:35:35.748596+00:00
morganelkaslasi,morganelkaslasi,https://www.instagram.com/morganelkaslasi/,https://www.instagram.com/morganelkaslasi/,,6485,1.00,brand_profile,2026-07-04T04:35:35.748631+00:00
morsdesign_,morsdesign_,https://www.instagram.com/morsdesign_/,https://www.instagram.com/morsdesign_/,,13000,1.00,brand_profile,2026-07-04T04:35:35.748666+00:00
mysabymudra,mysabymudra,https://www.instagram.com/mysabymudra/,https://www.instagram.com/mysabymudra/,,404,0.80,brand_profile,2026-07-04T04:35:35.748702+00:00
namnala_handmade,namnala_handmade,https://www.instagram.com/namnala_handmade/,https://www.instagram.com/namnala_handmade/,,86000,0.60,brand_profile,2026-07-04T04:35:35.748738+00:00
niceg.co,niceg.co,https://www.instagram.com/niceg.co/,https://www.instagram.com/niceg.co/,,10000,1.00,brand_profile,2026-07-04T04:35:35.748767+00:00
nordlichtstore,nordlichtstore,https://www.instagram.com/nordlichtstore/,https://www.instagram.com/nordlichtstore/,,59000,0.60,brand_profile,2026-07-04T04:35:35.748804+00:00
nyni.concept,nyni.concept,https://www.instagram.com/nyni.concept/,https://www.instagram.com/nyni.concept/,,35000,1.00,brand_profile,2026-07-04T04:35:35.748840+00:00
oddlymadras_,oddlymadras_,https://www.instagram.com/oddlymadras_/,https://www.instagram.com/oddlymadras_/,,7369,1.00,brand_profile,2026-07-04T04:35:35.748889+00:00
ohhbygum,ohhbygum,https://www.instagram.com/ohhbygum/,https://www.instagram.com/ohhbygum/,,4376,1.00,brand_profile,2026-07-04T04:35:35.748925+00:00
oiki.art,oiki.art,https://www.instagram.com/oiki.art/,https://www.instagram.com/oiki.art/,,7039,1.00,brand_profile,2026-07-04T04:35:35.748960+00:00
orwellausten,orwellausten,https://www.instagram.com/orwellausten/,https://www.instagram.com/orwellausten/,,32000,1.00,brand_profile,2026-07-04T04:35:35.748995+00:00
outoflineclothing,outoflineclothing,https://www.instagram.com/outoflineclothing/,https://www.instagram.com/outoflineclothing/,,4785,1.00,brand_profile,2026-07-04T04:35:35.749031+00:00
pancha_kanya,pancha_kanya,https://www.instagram.com/pancha_kanya/,https://www.instagram.com/pancha_kanya/,,1592,0.80,brand_profile,2026-07-04T04:35:35.749069+00:00
paraisioshop,paraisioshop,https://www.instagram.com/paraisioshop/,https://www.instagram.com/paraisioshop/,,12000,1.00,brand_profile,2026-07-04T04:35:35.749104+00:00
plumandpigeon,plumandpigeon,https://www.instagram.com/plumandpigeon/,https://www.instagram.com/plumandpigeon/,,47000,1.00,brand_profile,2026-07-04T04:35:35.749140+00:00
poesiebyjulie,poesiebyjulie,https://www.instagram.com/poesiebyjulie/,https://www.instagram.com/poesiebyjulie/,,5218,1.00,brand_profile,2026-07-04T04:35:35.749175+00:00
privilegedcrafts,privilegedcrafts,https://www.instagram.com/privilegedcrafts/,https://www.instagram.com/privilegedcrafts/,,1520,0.80,brand_profile,2026-07-04T04:35:35.749211+00:00
provence_feeling,provence_feeling,https://www.instagram.com/provence_feeling/,https://www.instagram.com/provence_feeling/,,35000,1.00,brand_profile,2026-07-04T04:35:35.749247+00:00
rebekahpeters.thelabel,rebekahpeters.thelabel,https://www.instagram.com/rebekahpeters.thelabel/,https://www.instagram.com/rebekahpeters.thelabel/,,52000,0.60,brand_profile,2026-07-04T04:35:35.749283+00:00
redmacchiato,redmacchiato,https://www.instagram.com/redmacchiato/,https://www.instagram.com/redmacchiato/,,31000,1.00,brand_profile,2026-07-04T04:35:35.749318+00:00
reeia.in,reeia.in,https://www.instagram.com/reeia.in/,https://www.instagram.com/reeia.in/,,57,0.80,brand_profile,2026-07-04T04:35:35.749321+00:00
rivergoddessfashion,rivergoddessfashion,https://www.instagram.com/rivergoddessfashion/,https://www.instagram.com/rivergoddessfashion/,,21000,1.00,brand_profile,2026-07-04T04:35:35.749356+00:00
rooh_london,rooh_london,https://www.instagram.com/rooh_london/,https://www.instagram.com/rooh_london/,,11000,1.00,brand_profile,2026-07-04T04:35:35.749390+00:00
sams.aesthetic.store,sams.aesthetic.store,https://www.instagram.com/sams.aesthetic.store/,https://www.instagram.com/sams.aesthetic.store/,,6152,1.00,brand_profile,2026-07-04T04:35:35.749426+00:00
shadesofshine.in,shadesofshine.in,https://www.instagram.com/shadesofshine.in/,https://www.instagram.com/shadesofshine.in/,,3339,1.00,brand_profile,2026-07-04T04:35:35.749499+00:00
siraconsciousapparel,siraconsciousapparel,https://www.instagram.com/siraconsciousapparel/,https://www.instagram.com/siraconsciousapparel/,,8616,1.00,brand_profile,2026-07-04T04:35:35.749538+00:00
smyrna_collective,smyrna_collective,https://www.instagram.com/smyrna_collective/,https://www.instagram.com/smyrna_collective/,,2278,1.00,brand_profile,2026-07-04T04:35:35.749573+00:00
state.of.mitch,state.of.mitch,https://www.instagram.com/state.of.mitch/,https://www.instagram.com/state.of.mitch/,,752,0.80,brand_profile,2026-07-04T04:35:35.749657+00:00
studio.spokes,studio.spokes,https://www.instagram.com/studio.spokes/,https://www.instagram.com/studio.spokes/,,39000,1.00,brand_profile,2026-07-04T04:35:35.749752+00:00
studiobanera,studiobanera,https://www.instagram.com/studiobanera/,https://www.instagram.com/studiobanera/,,3412,1.00,brand_profile,2026-07-04T04:35:35.749787+00:00
styledbyemma,styledbyemma,https://www.instagram.com/styledbyemma/,https://www.instagram.com/styledbyemma/,,5496,1.00,brand_profile,2026-07-04T04:35:35.749831+00:00
sunateliers,sunateliers,https://www.instagram.com/sunateliers/,https://www.instagram.com/sunateliers/,,9432,1.00,brand_profile,2026-07-04T04:35:35.749882+00:00
talesofsira,talesofsira,https://www.instagram.com/talesofsira/,https://www.instagram.com/talesofsira/,,1484,0.80,brand_profile,2026-07-04T04:35:35.749916+00:00
the.bloom.closet,the.bloom.closet,https://www.instagram.com/the.bloom.closet/,https://www.instagram.com/the.bloom.closet/,,4915,1.00,brand_profile,2026-07-04T04:35:35.749951+00:00
thepinusllc,thepinusllc,https://www.instagram.com/thepinusllc/,https://www.instagram.com/thepinusllc/,,562,0.80,brand_profile,2026-07-04T04:35:35.749985+00:00
TheSecondSkin,thesecondskin.co.in,https://www.instagram.com/thesecondskin.co.in/,https://www.instagram.com/thesecondskin.co.in/,https://instagram.fbom50-1.fna.fbcdn.net/v/t51.82787-19/625045100_18094901063296808_7361436367307733999_n.jpg?efg=eyJ2ZW5jb2RlX3RhZyI6InByb2ZpbGVfcGljLmRqYW5nby40NTguYzIifQ&_nc_ht=instagram.fbom50-1.fna.fbcdn.net&_nc_cat=108&_nc_oc=Q6cZ2gERI7TktpJVynLHJnlRja4BMSEyHEklh2NjGzYe59bUTzE93Abv4ANZZMYrKA1Uapc&_nc_ohc=t2QC10Ia8ZMQ7kNvwFsdeQh&_nc_gid=xtc5GK3YpY2vLTmLdwtFdw&edm=AP4sbd4BAAAA&ccb=7-5&oh=00_AQKA1M97lI5UEX3Cz2aZ9rpjCu5ki4gOVzDd86uw5xcX5Q&oe=6AB3D54A&_nc_sid=7a9f4b,60000,1.00,curated:unspecified:high,2026-09-19T04:19:06.994237+00:00
thetunicshop.resortwear,thetunicshop.resortwear,https://www.instagram.com/thetunicshop.resortwear/,https://www.instagram.com/thetunicshop.resortwear/,,6534,1.00,brand_profile,2026-07-04T04:35:35.750021+00:00
titlqe,titlqe,https://www.instagram.com/titlqe/,https://www.instagram.com/titlqe/,,43200,1.00,brand_profile,2026-07-04T04:35:35.750055+00:00
toolboxraw,toolboxraw,https://www.instagram.com/toolboxraw/,https://www.instagram.com/toolboxraw/,,5291,1.00,brand_profile,2026-07-04T04:35:35.750089+00:00
trabea.in,trabea.in,https://www.instagram.com/trabea.in/,https://www.instagram.com/trabea.in/,,5235,1.00,brand_profile,2026-07-04T04:35:35.750123+00:00
tradition_tales,tradition_tales,https://www.instagram.com/tradition_tales/,https://www.instagram.com/tradition_tales/,,26000,1.00,brand_profile,2026-07-04T04:35:35.750158+00:00
unilla_design_by_ela,unilla_design_by_ela,https://www.instagram.com/unilla_design_by_ela/,https://www.instagram.com/unilla_design_by_ela/,,323,0.80,brand_profile,2026-07-04T04:35:35.750193+00:00
uyuaya.studio,uyuaya.studio,https://www.instagram.com/uyuaya.studio/,https://www.instagram.com/uyuaya.studio/,,20000,1.00,brand_profile,2026-07-04T04:35:35.750228+00:00
valentina_and_you,valentina_and_you,https://www.instagram.com/valentina_and_you/,https://www.instagram.com/valentina_and_you/,,10000,1.00,brand_profile,2026-07-04T04:35:35.750264+00:00
vastrakaala,vastrakaala,https://www.instagram.com/vastrakaala/,https://www.instagram.com/vastrakaala/,,76000,0.60,brand_profile,2026-07-04T04:35:35.750299+00:00
vidushi.studio,vidushi.studio,https://www.instagram.com/vidushi.studio/,https://www.instagram.com/vidushi.studio/,,26000,1.00,brand_profile,2026-07-04T04:35:35.750333+00:00
wear.naims,wear.naims,https://www.instagram.com/wear.naims/,https://www.instagram.com/wear.naims/,,314,0.80,brand_profile,2026-07-04T04:35:35.750368+00:00
wearewiw,wearewiw,https://www.instagram.com/wearewiw/,https://www.instagram.com/wearewiw/,,571,0.80,brand_profile,2026-07-04T04:35:35.750402+00:00
wearwither,wearwither,https://www.instagram.com/wearwither/,https://www.instagram.com/wearwither/,,25000,1.00,brand_profile,2026-07-04T04:35:35.750437+00:00
ynotsissy,ynotsissy,https://www.instagram.com/ynotsissy/,https://www.instagram.com/ynotsissy/,,19000,1.00,brand_profile,2026-07-04T04:35:35.750471+00:00
zeen_by_jasmeen,zeen_by_jasmeen,https://www.instagram.com/zeen_by_jasmeen/,https://www.instagram.com/zeen_by_jasmeen/,,5245,1.00,brand_profile,2026-07-04T04:35:35.750506+00:00
zistathelabel,zistathelabel,https://www.instagram.com/zistathelabel/,https://www.instagram.com/zistathelabel/,,32000,1.00,brand_profile,2026-07-04T04:35:35.750542+00:00
